Handle,Published
1000-stories-cabernet-sauvignon-bourbon-barrel-aged-750ml,FALSE
1792-small-batch-kentucky-straight-bourbon-whiskey-70cl-46-85-abv,FALSE
1792-bourbon-small-batch-whiskey-750-ml,FALSE
1792-kentucky-straight-bourbon-whiskey-cognac-cask-finish-finished-in-french-cognac-casks-750-ml,FALSE
1792-small-batch-bourbon-1-75l,FALSE
1792-small-batch-bourbon-750ml,FALSE
1792-straight-bourbon-bottled-in-bond-whiskey-750-ml,FALSE
1792-straight-bourbon-single-barrel-whiskey-750-ml,FALSE
1792-straight-bourbon-sweet-wheat-whiskey-750-ml,FALSE
1792-straight-bourbon-whiskey-full-proof-125-750-ml,FALSE
aberlour-11-year-old-carn-mor-strictly-limited-first-fill-bourbon-cask-finish-single-malt-scotch-2011-whisky-70cl-47-5-abv,FALSE
amador-double-barrel-bourbon-whiskey-chardonnay-finish-750ml,FALSE
amador-whiskey-co-bourbon-double-barrel-chardonnay-barrel-finished-750-ml,FALSE
american-eagle-4-year-old-tennessee-bourbon-whiskey-70cl-40-abv,FALSE
american-honey-kentucky-bourbon-1-75l,FALSE
american-honey-kentucky-bourbon-1l,FALSE
american-honey-kentucky-bourbon-750ml,FALSE
amrut-7-year-old-ex-bourbon-single-cask-197-2016-whisky-70cl-60-abv-uk-exclusive,FALSE
ancient-age-kentucky-straight-bourbon-whiskey-750ml,FALSE
angelx27s-envy-straight-bourbon-finished-in-port-wine-barrels-750-ml,FALSE
angels-envy-manhattan-bundle-martini-rubino-vermouth-straight-port-cask-finish-kentucky-straight-bourbon-whiskey-70cl-75cl-43-3-abv,FALSE
angels-envy-small-batch-kentucky-straight-bourbon-whiskey-70cl-50-abv0,FALSE
angels-envy-straight-port-cask-finish-kentucky-straight-bourbon-whiskey-70cl-43-3-abv,FALSE
angels-envy-straight-port-cask-finish-kentucky-straight-bourbon-whiskey-70cl-43-3-abv-includes-martini-glass-pin-badge,FALSE
angels-envy-kentucky-straight-bourbon-whiskey-750ml,FALSE
angels-envy-triple-oak-bourbon-750ml,FALSE
annandale-rare-vintage-man-o-sword-single-bourbon-cask-102-2014-whisky-70cl-61-5-abv,FALSE
annandale-rare-vintage-man-o-words-single-bourbon-cask-143-2014-whisky-70cl-61-3-abv,FALSE
ardmore-17-year-old-coopers-choice-single-bourbon-cask-801285-2003-whisky-70cl-48-5-abv,FALSE
ardmore-9-year-old-carn-mor-strictly-limited-bourbon-cask-finish-single-malt-scotch-2012-whisky-70cl-47-5-abv,FALSE
auchroisk-murray-mcdavid-cask-craft-bourbon-finish-single-malt-scotch-whisky-70cl-44-5-abv,FALSE
backbone-bourbon-prime-blended-bourbon-750ml,FALSE
bakers-7-years-old-single-barrel-kentucky-straight-bourbon-whiskey-750ml,FALSE
balblair-10-year-old-stirling-distillery-sons-of-scotland-single-bourbon-cask-404182-2014-whisky-70cl-50-abv0,FALSE
ballechin-20-year-old-small-batch-bourbon-cask-matured-single-malt-scotch-2004-whisky-70cl-52-8-abv,FALSE
balvenie-14-year-old-curious-casks-american-bourbon-barrel-single-malt-scotch-whisky-70cl-47-8-abv,FALSE
balvenie-stories-14-year-old-single-malt-scotch-whisky-american-bourbon-barrel-750ml,FALSE
bardstown-bourbon-co-blended-american-whiskey-amrut-collaborative-series-9-year-750-ml,FALSE
bardstown-bourbon-co-origin-series-bottled-in-bond-750ml,FALSE
bardstown-bourbon-company-discovery-series-12-kentucky-straight-bourbon-whiskey-750-ml,FALSE
bardstown-bourbon-company-double-barreled-discovery-series-13-750ml,FALSE
bardstown-bourbon-company-origin-series-high-wheated-bourbon-750-ml,FALSE
bardstown-bourbon-company-straight-bourbon-origin-series-6-year-750-ml,FALSE
bardstown-bourbon-company-straight-bourbon-origin-series-bottled-in-bond-6-year-750-ml,FALSE
bardstown-bourbon-silver-oak-collaboration-whiskey-750-ml,FALSE
barenjager-honey-bourbon-375ml,FALSE
barenjager-honey-bourbon-750ml,FALSE
basil-hayden-10-year-old-bourbon-whiskey-750ml,FALSE
basil-hayden-bourbon-whiskey-1-75l,FALSE
basil-hayden-bourbon-whiskey-1l,FALSE
basil-hayden-bourbon-whiskey-375ml,FALSE
basil-hayden-bourbon-whiskey-750ml,FALSE
basil-hayden-subtle-smoke-bourbon-whiskey-750ml,FALSE
basil-hayden-toast-bourbon-whiskey-750ml,FALSE
basil-haydenx27s-bourbon-toast-combo-750-ml,FALSE
basil-haydenx27s-bourbon-whiskey-with-gift-with-glass-gift,FALSE
basil-haydenx27s-straight-bourbon-small-batch-red-wine-cask-finish-artfully-aged-750-ml,FALSE
basil-haydenx27s-straight-bourbon-toast-small-batch-whiskey-750-ml,FALSE
basil-haydenx27s-straight-bourbon-whiskey-750-ml,FALSE
basil-haydens-kentucky-straight-bourbon-whiskey-70cl-40-abv,FALSE
bear-fight-kentucky-reserve-straight-bourbon-whiskey-750-ml,FALSE
belfour-small-batch-straight-bourbon-whiskey-750-ml,FALSE
belfour-texas-pecan-wood-finish-bourbon-whiskey-750-ml,FALSE
ben-holladay-soft-red-wheat-bottled-in-bond-straight-bourbon-whiskey-70cl-50-abv,FALSE
ben-holladay-soft-red-wheat-bottled-in-bond-750ml,FALSE
ben-holladay-soft-wheat-rickhouse-750ml,FALSE
ben-nevis-24-year-old-coopers-choice-single-bourbon-cask-7687-1997-whisky-70cl-47-5-abv,FALSE
benchmark-bonded-kentucky-straight-bourbon-whiskey-750ml,FALSE
benchmark-egg-nog-kentuckey-straight-bourbon-whiskey-750-ml,FALSE
benchmark-full-proof-kentucky-straight-bourbon-whiskey-750-ml,FALSE
benchmark-kentucky-straight-bourbon-whiskey-1-liter,FALSE
benchmark-kentucky-straight-bourbon-whiskey-750-ml,FALSE
benchmark-single-barrel-kentucky-straight-bourbon-whiskey-750-ml,FALSE
benchmark-small-batch-kentucky-straight-bourbon-whiskey-750-ml,FALSE
benchmark-top-floor-kentucky-straight-bourbon-whiskey-750-ml,FALSE
benriach-25-year-old-single-bourbon-cask-4936-1990-whisky-70cl-50-4-abv,FALSE
benrinnes-11-year-old-benchmark-bourbon-cask-single-malt-scotch-2013-whisky-70cl-55-8-abv0,FALSE
beringer-bourbon-barrel-cabernet-sauvignon-750ml,FALSE
beringer-bros-bourbon-barrel-aged-red-blend-750ml,FALSE
berkshire-mountain-distillers-bourbon-750ml,FALSE
bespoken-spirits-2-year-bourbon-whiskey-750-ml,FALSE
bespoken-spirits-bourbon-whiskey-750-ml,FALSE
bespoken-spirits-whiskey-distilled-from-bourbon-mash-special-batch-375,FALSE
bespoken-spirits-whiskey-distilled-from-bourbon-mash-special-batch-750-ml,FALSE
bhakta-spirits-2011-armagnac-cask-finish-bourbon-whiskey-750ml,FALSE
bib-tucker-10-year-old-small-batch-bourbon-whiskey-750ml,FALSE
bib-tucker-6-years-old-double-char-small-batch-bourbon-whiskey-750ml,FALSE
bib-tucker-bourbon-double-char-small-batch-6-year-tennessee-bourbon-whiskey-750-ml,FALSE
bib-tucker-bourbon-small-batch-6-year-bourbon-whiskey-750-ml,FALSE
bib-tucker-small-batch-bourbon-6-yr-750ml,FALSE
bimber-ex-bourbon-cask-batch-no-1-english-single-malt-2016-whisky-70cl-51-8-abv,FALSE
bimber-ex-bourbon-cask-batch-no-2-english-single-malt-2016-whisky-70cl-52-2-abv,FALSE
bimber-ex-bourbon-cask-batch-no-3-english-single-malt-whisky-70cl-51-6-abv,FALSE
bimber-ex-bourbon-cask-batch-no-4-english-single-malt-whisky-70cl-51-2-abv,FALSE
black-dirt-4-year-bourbon-750ml,FALSE
blackland-bourbon-750ml,FALSE
blackland-texas-pecan-brown-sugar-bourbon-750ml,FALSE
blade-and-bow-bourbon-750ml,FALSE
bladnoch-11-year-old-bourbon-cask-matured-2021-edition-lowland-single-malt-scotch-whisky-70cl-46-7-abv,FALSE
bladnoch-11-year-old-bourbon-cask-matured-lowland-single-malt-scotch-whisky-70cl-46-7-abv,FALSE
bladnoch-16-year-old-single-bourbon-cask-220-2008-whisky-70cl-53-1-abv,FALSE
bladnoch-17-year-old-single-bourbon-cask-477-2007-whisky-70cl-52-6-abv,FALSE
bladnoch-26-year-old-coopers-choice-single-bourbon-cask-30339-1990-whisky-70cl-46-abv,FALSE
bladnoch-29-year-old-wemyss-malts-bourbon-barrel-bonanaza-single-cask-1990-whisky-70cl-46-abv,FALSE
blair-athol-12-year-old-chapter-7-single-ex-bourbon-cask-301068-2009-whisky-70cl-52-5-abv,FALSE
blantonx27s-original-single-barrel-bourbon-weller-special-reserve-eagle-rare-bourbon-bundle,FALSE
blantonx27s-single-barrel-bourbon-caribou-crossing-whiskey-single-barrel-combo,FALSE
blantonx27s-single-barrel-bourbon-whiskey-750ml-with-gift-blantonx27s-single-barrel-bourbon-whiskey-750ml-with-glass-set,FALSE
blantonx27s-single-barrel-bourbon-whiskey-750-ml,FALSE
blantonx27s-single-barrel-bourbon-whiskey-750-ml-3-pack,FALSE
blantonx27s-single-barrel-bourbon-whiskey-750-ml-6-pack,FALSE
blantons-2019-special-release-single-barrel-291-bourbon-whiskey-70cl-49-abv,FALSE
blantons-2022-collection-la-maison-du-whisky-france-edition-single-barrel-22-bourbon-whiskey-70cl-50-abv,FALSE
blantons-2022-collection-la-maison-du-whisky-paris-edition-single-barrel-76-bourbon-whiskey-70cl-63-1-abv,FALSE
blantons-2022-collection-la-maison-du-whisky-singapore-edition-single-barrel-28-bourbon-whiskey-70cl-50-abv,FALSE
blantons-gold-edition-single-barrel-kentucky-straight-bourbon-whiskey-70cl-51-5-abv,FALSE
blantons-original-single-barrel-kentucky-straight-bourbon-whiskey-70cl-46-5-abv,FALSE
blantons-silver-edition-2003-single-barrel-kentucky-straight-bourbon-whiskey-70cl-49-abv,FALSE
blantons-straight-from-the-barrel-letter-a-single-barrel-bourbon-whiskey-70cl-60-abv,FALSE
blantons-straight-from-the-barrel-letter-b-single-barrel-bourbon-whiskey-70cl-60-abv,FALSE
blantons-straight-from-the-barrel-letter-l-single-barrel-bourbon-whiskey-70cl-60-abv,FALSE
blantons-straight-from-the-barrel-letter-n-single-barrel-bourbon-whiskey-70cl-60-abv-version-1,FALSE
blantons-straight-from-the-barrel-letter-o-single-barrel-bourbon-whiskey-70cl-60-abv,FALSE
blantons-straight-from-the-barrel-letter-s-single-barrel-bourbon-whiskey-70cl-60-abv,FALSE
blantons-straight-from-the-barrel-letter-t-single-barrel-bourbon-whiskey-70cl-60-abv,FALSE
blood-oath-pact-10-kentucky-straight-bourbon-whiskey-75cl-49-3-abv,FALSE
blood-oath-pact-2-kentucky-straight-bourbon-whiskey-75cl-49-3-abv,FALSE
blood-oath-pact-8-kentucky-straight-bourbon-whiskey-75cl-49-3-abv,FALSE
blue-note-bourbon-uncut-cask-strength-unfiltered-straight-bourbon-whiskey-750ml,FALSE
blue-run-chosen-kentucky-straight-bourbon-whiskey-750ml,FALSE
blue-run-flight-series-ii-joshua-tree-sunrise-kentucky-straight-bourbon-whiskey-750ml,FALSE
blue-run-straight-bourbon-flight-series-ii-bb2-blend-h-tahoe-powder-whiskey-750-ml,FALSE
bombergerx27s-declaration-kentucky-straight-bourbon-whiskey-2025-750-ml-2025,FALSE
bombergers-declaration-kentucky-straight-bourbon-750ml,FALSE
bookerx27s-bourbon-batch-2024-04-jimmyx27s-batch-750-ml,FALSE
bookerx27s-kentucky-straight-bourbon-whiskey-barryx27s-batch-batch-no-2025-01-750-ml,FALSE
bookerx27s-straight-bourbon-master-distillerx27s-batch-2024-3-7-year-whiskey-750-ml,FALSE
bookers-7-year-old-2024-01-batch-kentucky-straight-bourbon-whiskey-70cl-62-2-abv,FALSE
bookers-7-year-old-2025-01-batch-kentucky-straight-bourbon-whiskey-70cl-63-2-abv0,FALSE
bookers-bourbon-batch-2024-02-750ml,FALSE
bookers-bourbon-mighty-fine-batch-2023-03-750-ml,FALSE
boulder-bottled-in-bond-colorado-bourbon-whiskey-70cl-50-abv,FALSE
boulder-colorado-bourbon-whiskey-70cl-42-abv,FALSE
bowmore-25-year-old-infrequent-flyers-single-bourbon-cask-803728-1998-whisky-70cl-45-8-abv,FALSE
braeval-13-year-old-coopers-choice-single-bourbon-cask-4147-2009-whisky-70cl-58-5-abv,FALSE
breckenridge-bourbon-whiskey-5cl-43-abv-miniature,FALSE
breckenridge-bourbon-whiskey-port-cask-finish-750ml,FALSE
breckenridge-bourbon-whiskey-px-sherry-cask-finish-750ml,FALSE
breckenridge-high-proof-blend-bourbon-750ml,FALSE
breckenridge-straight-bourbon-whiskey-750ml,FALSE
brotherx27s-bond-bottled-in-bond-bourbon-whiskey-750-ml,FALSE
brotherx27s-bond-original-cask-strength-straight-bourbon-whiskey-750-ml,FALSE
brotherx27s-bond-regenerative-grain-bourbon-whiskey-750-ml,FALSE
brothers-bond-7-year-old-100-proof-bottled-in-bond-straight-bourbon-whiskey-70cl-50-abv-ian-somerhalder-paul-wesley,FALSE
brothers-bond-original-cask-strength-straight-bourbon-whiskey-75cl-57-2-abv-ian-somerhalder-paul-wesley,FALSE
brothers-bond-regenerative-grain-straight-bourbon-whiskey-70cl-46-abv-ian-somerhalder-paul-wesley,FALSE
brothers-bond-straight-bourbon-whiskey-70cl-40-abv-ian-somerhalder-paul-wesley,FALSE
bruichladdich-10-year-old-micro-provenance-single-bourbon-cask-1241-2011-whisky-70cl-61-9-abv,FALSE
bruichladdich-14-year-old-micro-provenance-single-bourbon-cask-0417-2006-whisky-70cl-62-3-abv,FALSE
buckhorn-kentucky-straight-bourbon-whiskey-reserve-750-ml,FALSE
buffalo-trace-bourbon-cream-liqueur-70cl-15-abv,FALSE
buffalo-trace-kentucky-straight-bourbon-whiskey-70cl-40-abv,FALSE
buffalo-trace-kentucky-straight-bourbon-whiskey-70cl-40-abv-includes-hip-flask,FALSE
buffalo-trace-kentucky-straight-bourbon-whiskey-70cl-40-abv-includes-ice-mould,FALSE
buffalo-trace-kosher-wheat-recipe-kentucky-straight-bourbon-whiskey-75cl-47-abv,FALSE
buffalo-trace-o-f-c-kentucky-straight-bourbon-2006-whiskey-70cl-45-abv,FALSE
buffalo-trace-rock-hill-farms-single-barrel-kentucky-straight-bourbon-whiskey-70cl-50-abv,FALSE
buffalo-trace-traveller-bourbon-whiskey-70cl-45-abv-chris-stapleton,FALSE
buffalo-trace-traveller-bourbon-whisky-70cl-45-abv-includes-ice-mould,FALSE
buffalo-trace-bourbon-1-75l,FALSE
buffalo-trace-bourbon-3-pack-750-ml,FALSE
buffalo-trace-bourbon-whiskey-1-liter-1-liter,FALSE
buffalo-trace-bourbon-with-gift-with-glass-set,FALSE
buffalo-trace-bourbon-750-ml,FALSE
buffalo-trace-bourbon-750-ml-12-pack,FALSE
buffalo-trace-bourbon-750-ml-3-pack,FALSE
buffalo-trace-bourbon-750-ml-6-pack,FALSE
buffalo-trace-distillery-bourbon-cream-liqueur-750-ml,FALSE
buffalo-trace-ofc-2006-kentucky-straight-bourbon-whiskey-750ml-750-ml,FALSE
buffalo-trace-ofc-old-fashioned-copper-2005-bourbon-whiskey-750-ml,FALSE
bulleit-10-year-old-kentucky-straight-bourbon-whiskey-70cl-45-6-abv,FALSE
bulleit-blenders-select-frontier-no-001-bourbon-whiskey-75cl-50-abv,FALSE
bulleit-kentucky-straight-bourbon-whiskey-70cl-45-abv,FALSE
bulleit-bourbon-1-75l,FALSE
bulleit-bourbon-10-yr-750ml,FALSE
bulleit-bourbon-1l,FALSE
bulleit-bourbon-200ml,FALSE
bulleit-bourbon-375ml,FALSE
bulleit-bourbon-750ml,FALSE
bulleit-bourbon-rtd-manhattan-cocktail-750ml,FALSE
bulleit-bourbon-rtd-old-fashioned-cocktail-750ml,FALSE
bulleit-kentucky-straight-bourbon-bottled-in-bond-frontier-whiskey-750-ml,FALSE
bulleit-old-fashioned-kentucky-straight-bourbon-whiskey-cocktail-375-ml,FALSE
bulleit-old-fashioned-kentucky-straight-bourbon-whiskey-cocktail-750-ml,FALSE
bulleit-straight-bourbon-frontier-6-year-whiskey-750-ml,FALSE
bulleit-straight-bourbon-frontier-whiskey-single-barrel-750-ml,FALSE
bunnahabhain-9-year-old-tri-carragh-release-no-1-single-bourbon-cask-scotch-2013-whisky-70cl-58-3-abv,FALSE
bushmills-steamship-collection-bourbon-cask-reserve-irish-whiskey-100cl-40-abv-1-litre,FALSE
cambus-silent-32-year-old-coopers-choice-single-bourbon-cask-79880-1991-whisky-70cl-47-5-abv,FALSE
cameronbridge-28-year-old-coopers-choice-single-bourbon-cask-115061-1992-whisky-70cl-48-5-abv,FALSE
caol-ila-12-year-old-coopers-choice-single-bourbon-cask-14-2008-whisky-70cl-53-5-abv,FALSE
caol-ila-13-year-old-coopers-choice-single-bourbon-cask-16-2008-whisky-70cl-51-5-abv,FALSE
caol-ila-8-year-old-coopers-choice-single-bourbon-cask-331912-2012-whisky-70cl-55-abv,FALSE
castle-key-sacred-spring-vodka-small-batch-bourbon-combo-750-ml,FALSE
castle-key-small-batch-bourbon-whiskey-750-ml,FALSE
castle-key-wheated-small-batch-bourbon-whiskey-750-ml,FALSE
cedar-ridge-iowa-bourbon-750ml,FALSE
chateau-bourbon-la-chapelle-medoc-bordeaux-france-750ml,FALSE
chicken-cock-small-batch-bourbon-whiskey-750-ml,FALSE
clyde-mays-straight-bourbon-750ml,FALSE
clyde-mays-straight-bourbon-whiskey-375ml,FALSE
clynelish-11-year-old-carn-mor-strictly-limited-bourbon-cask-finish-single-malt-scotch-2014-whisky-70cl-52-1-abv0,FALSE
coastal-stone-element-series-first-release-bourbon-cask-whisky-50cl-46-abv,FALSE
colonel-e-h-taylor-distillers-council-kentucky-straight-bourbon-whiskey-750-ml,FALSE
colonel-e-h-taylor-small-batch-bourbon-whiskey-750-ml,FALSE
colonel-e-h-taylor-small-batch-bourbon-whiskey-750-ml-3-pack,FALSE
colonel-e-h-taylor-small-batch-bourbon-whiskey-750-ml-6-pack,FALSE
cooper-thief-bourbon-barrel-aged-red-blend-750ml,FALSE
copper-kings-straight-bourbon-finished-in-american-apple-brandy-barrels-whiskey-750-ml,FALSE
cotswolds-bourbon-cask-matured-english-single-malt-whisky-70cl-59-1-abv,FALSE
cotswolds-bourbon-cask-matured-english-single-malt-whisky-70cl-59-1-abv-includes-glencairn-glass,FALSE
devils-river-barrel-strength-bourbon-whiskey-750ml,FALSE
devils-river-cinnamon-bourbon-whiskey-750-ml,FALSE
duck-club-bourbon-92-proof-750ml,FALSE
duck-club-high-brass-bourbon-110-proof-750ml,FALSE
duke-small-batch-straight-bourbon-750ml,FALSE
dumbarton-silent-20-year-old-coopers-choice-single-bourbon-cask-211097-2000-whisky-70cl-56-5-abv,FALSE
dumbarton-silent-22-year-old-infrequent-flyers-single-bourbon-cask-178-1997-whisky-70cl-55-3-abv,FALSE
e-h-taylor-small-batch-kentucky-straight-bourbon-whiskey-75cl-50-abv,FALSE
eagle-rare-10-year-old-kentucky-straight-bourbon-whiskey-70cl-45-abv,FALSE
eagle-rare-10-year-kentucky-straight-bourbon-whiskey-750-ml,FALSE
eagle-rare-10-year-kentucky-straight-bourbon-whiskey-750-ml-3-pack,FALSE
eagle-rare-10-year-kentucky-straight-bourbon-whiskey-750-ml-6-pack,FALSE
eagle-rare-12-year-old-kentucky-straight-bourbon-whiskey-750-ml,FALSE
eagle-rare-25-year-old-kentucky-straight-bourbon-whiskey-750-ml,FALSE
edradour-21-year-old-small-batch-bourbon-cask-matured-single-malt-scotch-2003-whisky-70cl-54-3-abv,FALSE
elements-of-islay-bourbon-cask-blended-malt-scotch-whisky-5cl-54-5-abv-miniature,FALSE
elements-of-islay-bourbon-cask-islay-blended-malt-scotch-whisky-70cl-54-5-abv,FALSE
elijah-craig-12-year-old-barrel-proof-batch-a120-kentucky-straight-bourbon-whiskey-70cl-68-3-abv,FALSE
elijah-craig-18-year-old-single-barrel-kentucky-straight-bourbon-whiskey-70cl-45-abv,FALSE
elijah-craig-21-year-old-single-barrel-kentucky-straight-bourbon-1990-whiskey-75cl-45-abv,FALSE
elijah-craig-barrel-proof-kentucky-straight-bourbon-whiskey-70cl-62-8-abv,FALSE
elijah-craig-ryder-cup-2023-limited-edition-small-batch-kentucky-straight-bourbon-whiskey-70cl-47-abv,FALSE
elijah-craig-ryder-cup-2025-limited-edition-small-batch-kentucky-straight-bourbon-whiskey-70cl-47-abv,FALSE
elijah-craig-small-batch-kentucky-straight-bourbon-whiskey-70cl-47-abv,FALSE
elijah-craig-barrel-proof-batch-small-batch-bourbon-bundle,FALSE
elijah-craig-kentucky-straight-bourbon-small-batch-whiskey-2025-pga-championship-commemorative-edition-750-ml,FALSE
elijah-craig-single-barrel-18-750ml,FALSE
elijah-craig-small-batch-bourbon-1-75l,FALSE
elijah-craig-small-batch-bourbon-375ml,FALSE
elijah-craig-small-batch-bourbon-750ml,FALSE
elijah-craig-straight-bourbon-small-batch-w-ec-jigger-gentx27s-old-fashioned-cockail-syrup-750-ml,FALSE
elijah-craig-straight-bourbon-small-batch-whiskey-750-ml,FALSE
elijah-craig-straight-bourbon-toasted-barrel-whiskey-750-ml,FALSE
elijah-craig-toasted-barrel-bourbon-750ml,FALSE
elmer-t-lee-single-barrel-sour-mash-kentucky-straight-bourbon-whiskey-750-ml,FALSE
evan-williams-4-year-old-bottled-in-bond-100-proof-kentucky-straight-bourbon-whiskey-70cl-50-abv,FALSE
evan-williams-7-year-old-single-barrel-vintage-kentucky-straight-bourbon-2014-whiskey-70cl-43-3-abv,FALSE
evan-williams-7-year-old-single-barrel-vintage-kentucky-straight-bourbon-2015-whiskey-70cl-43-3-abv0,FALSE
evan-williams-apple-bourbon-whiskey-liqueur-70cl-32-5-abv,FALSE
evan-williams-black-label-extra-aged-kentucky-straight-bourbon-whiskey-70cl-43-abv,FALSE
evan-williams-honey-bourbon-whiskey-liqueur-70cl-32-5-abv,FALSE
evan-williams-1783-bourbon-1-75l,FALSE
evan-williams-1783-bourbon-750ml,FALSE
evan-williams-black-bourbon-1-75l,FALSE
evan-williams-black-bourbon-1l,FALSE
evan-williams-black-bourbon-750ml,FALSE
evan-williams-straight-bourbon-single-barrel-whiskey-750-ml,FALSE
ezra-brooks-bourbon-cream-liqueur-70cl-12-5-abv,FALSE
ezra-brooks-straight-bourbon-black-label-80-proof-whiskey-70cl-40-abv,FALSE
ezra-brooks-7yr-old-ezra-bourbon-750ml,FALSE
ezra-brooks-bourbon-99-proof-1-75l,FALSE
ezra-brooks-bourbon-99-proof-750ml,FALSE
ezra-brooks-cask-strength-single-barrel-bourbon-whiskey-750-ml,FALSE
ezra-brooks-full-proof-barrel-bourbon-whiskey-750-ml,FALSE
ezra-brooks-kentucky-straight-bourbon-whiskey-750-ml,FALSE
ezra-brooks-special-cask-finish-series-bourbon-whiskey-750-ml,FALSE
fettercairn-10-year-old-carn-mor-strictly-limited-bourbon-cask-finish-single-malt-scotch-2011-whisky-70cl-47-5-abv,FALSE
fettercairn-11-year-old-chapter-7-single-bourbon-cask-1409-2011-whisky-70cl-51-6-abv,FALSE
few-smashing-pumpkins-straight-bourbon-whiskey-75cl-46-5-abv0,FALSE
few-three-grain-straight-bourbon-whiskey-70cl-46-5-abv,FALSE
fighting-cock-bourbon-750ml,FALSE
fighting-cock-straight-bourbon-6-yr-750-ml,FALSE
four-gate-private-select-cask-7-year-bourbon-whiskey-750-ml,FALSE
four-roses-11-year-old-small-batch-barrel-strength-2014-release-kentucky-straight-bourbon-whiskey-70cl-55-9-abv,FALSE
four-roses-12-year-old-small-batch-barrel-strength-2017-release-kentucky-straight-bourbon-whiskey-70cl-53-9-abv,FALSE
four-roses-12-year-old-small-batch-barrel-strength-2020-release-kentucky-straight-bourbon-whiskey-70cl-55-7-abv,FALSE
four-roses-5-year-old-yellow-label-original-kentucky-straight-bourbon-whiskey-70cl-40-abv,FALSE
four-roses-6-year-old-small-batch-select-kentucky-straight-bourbon-whiskey-75cl-52-abv,FALSE
four-roses-single-barrel-100-proof-kentucky-straight-bourbon-whiskey-70cl-50-abv,FALSE
four-roses-small-batch-kentucky-straight-bourbon-whiskey-70cl-45-abv,FALSE
four-roses-bourbon-1-75l,FALSE
four-roses-bourbon-750ml,FALSE
four-roses-bourbon-single-barrel-750ml,FALSE
four-roses-bourbon-single-barrel-obsk-750ml,FALSE
four-roses-bourbon-single-barrel-oesk-750ml,FALSE
four-roses-small-batch-kentucky-straight-bourbon-whisky-750ml,FALSE
four-roses-small-batch-select-bourbon-750ml,FALSE
four-roses-small-batch-select-kentucky-straight-bourbon-whiskey-750-ml,FALSE
frank-august-case-study-06-legacy-reserve-6-barrel-batch-750ml,FALSE
frank-august-single-barrel-kentucky-straight-bourbon-whiskey-750ml,FALSE
free-spirits-the-spirit-of-bourbon-750-ml,FALSE
g-w-private-stock-straight-bourbon-whiskey-5yr-750ml,FALSE
garnheath-silent-28-year-old-coopers-choice-single-bourbon-cask-22156-1986-whisky-70cl-48-5-abv,FALSE
garrison-brothers-single-barrel-texas-straight-bourbon-whiskey-750-ml,FALSE
george-dickel-14-year-old-that-boutique-y-whisky-company-batch-1-tennessee-bourbon-whiskey-50cl-52-2-abv,FALSE
george-dickel-bourbon-8-yr-750ml,FALSE
george-remus-bourbon-750ml,FALSE
george-remus-gatsby-reserve-bourbon-whiskey-750-ml,FALSE
george-remus-straight-bourbon-whiskey-750-ml,FALSE
george-t-stagg-15-year-old-antique-collection-2020-edition-kentucky-straight-bourbon-2005-whiskey-75cl-65-2-abv,FALSE
george-t-stagg-15-year-old-antique-collection-2022-edition-kentucky-straight-bourbon-2007-whiskey-75cl-69-35-abv,FALSE
george-t-stagg-15-year-old-antique-collection-2023-edition-kentucky-straight-bourbon-2008-whiskey-75cl-67-5-abv,FALSE
george-t-stagg-kentucky-straight-bourbon-whiskey-2024-release-750-ml,FALSE
glasgow-1770-8-year-old-bourbon-cask-lightly-peated-single-malt-scotch-2017-whisky-70cl-54-abv0,FALSE
glen-grant-20-year-old-coopers-choice-single-bourbon-cask-67814-1996-whisky-70cl-46-abv,FALSE
glen-grant-30-year-old-signatory-vintage-symingtons-choice-single-bourbon-cask-88234-1995-whisky-70cl-48-7-abv0,FALSE
glen-keith-32-year-old-infrequent-flyers-single-bourbon-cask-8529-1993-whisky-70cl-51-5-abv0,FALSE
glen-moray-17-year-old-murray-mcdavid-benchmark-bourbon-cask-single-malt-scotch-2007-whisky-70cl-53-1-abv0,FALSE
glen-ord-10-year-old-carn-mor-strictly-limited-bourbon-cask-finish-single-malt-scotch-2012-whisky-70cl-47-5-abv,FALSE
glen-ord-8-year-old-carn-mor-strictly-limited-bourbon-cask-finish-single-malt-scotch-2012-whisky-70cl-47-5-abv,FALSE
glen-scotia-campbeltown-single-malt-scotch-whiskey-10-year-old-classic-malt-first-fill-bourbon-cask-matured-750-ml,FALSE
glen-spey-12-year-old-james-eadie-single-bourbon-cask-803748-2009-whisky-70cl-56-8-abv-uk-exclusive,FALSE
glenallachie-10-year-old-single-bourbon-cask-24829-2008-whisky-70cl-60-1-abv,FALSE
glenallachie-12-year-old-single-bourbon-cask-2083-2012-whisky-70cl-61-3-abv,FALSE
glenallachie-12-year-old-single-bourbon-cask-27978-2006-whisky-70cl-61-4-abv,FALSE
glenallachie-12-year-old-single-bourbon-cask-27979-2006-whisky-70cl-62-4-abv,FALSE
glenallachie-13-year-old-single-1st-fill-bourbon-cask-111860-2006-whisky-70cl-58-6-abv,FALSE
glenallachie-13-year-old-single-bourbon-cask-16095-2005-whisky-70cl-59-4-abv,FALSE
glenallachie-28-year-old-single-bourbon-cask-620-1990-whisky-70cl-60-7-abv,FALSE
glenallachie-9-year-old-single-peated-bourbon-cask-806890-2012-whisky-70cl-60-1-abv,FALSE
glenburgie-10-year-old-carn-mor-strictly-limited-first-fill-bourbon-cask-finish-single-malt-scotch-2011-whisky-70cl-47-5-abv,FALSE
glenburgie-8-year-old-carn-mor-strictly-limited-bourbon-cask-finish-single-malt-scotch-2013-whisky-70cl-47-5-abv,FALSE
glendullan-12-year-old-james-eadie-single-ex-bourbon-cask-306085-2009-whisky-70cl-52-6-abv-uk-exclusive,FALSE
glenfiddich-14-year-old-bourbon-barrel-reserve-single-malt-scotch-whiskey-750-ml,FALSE
glenfiddich-14yr-bourbon-barrel-reserve-single-malt-scotch-750ml,FALSE
glenmorangie-single-malt-scotch-the-cadboll-estate-bourbon-amontillado-casks-15-year-whiskey-750-ml,FALSE
glenmorangie-single-malt-scotch-whiskey-the-cadboll-estate-designer-bourbon-casks-15-year-750-ml,FALSE
glenturret-10-year-old-ruadh-maor-coopers-choice-single-bourbon-cask-336-2010-whisky-70cl-56-abv,FALSE
glenturret-9-year-old-ruadh-maor-coopers-choice-single-bourbon-cask-186-2010-whisky-70cl-58-abv,FALSE
green-river-kentucky-straight-bourbon-whiskey-5cl-45-abv-miniature,FALSE
green-river-full-proof-bourbon-whiskey-750-ml,FALSE
gun-fighter-american-double-rum-finish-bourbon-whiskey-750-ml,FALSE
hancocks-bourbon-750-ml,FALSE
hardins-creek-frankfort-kentucky-straight-bourbon-whiskey-750-ml,FALSE
heaven-hill-10-year-old-parkers-heritage-collection-2013-bourbon-whiskey-75cl-48-abv,FALSE
heaven-hill-11-year-old-parkers-heritage-collection-2017-bourbon-2006-whiskey-75cl-61-abv,FALSE
heaven-hill-11-year-old-parkers-heritage-collection-2021-bourbon-whiskey-75cl-61-abv,FALSE
heaven-hill-7-year-old-bottled-in-bond-kentucky-straight-bourbon-whiskey-70cl-50-abv0,FALSE
heaven-hill-7-year-old-parkers-heritage-collection-2018-bourbon-whiskey-75cl-55-abv,FALSE
heaven-hill-8-year-old-parkers-heritage-collection-2015-bourbon-whiskey-75cl-54-abv,FALSE
heaven-hill-7-year-artist-series-3-bottle-set-x-bri-bowers-limited-edition-kentucky-bourbon-collection-750-ml-3-pack,FALSE
heaven-hill-90th-anniversary-bourbon-750ml,FALSE
heaven-hill-bottled-in-bond-bourbon-750ml,FALSE
heaven-hill-straight-bourbon-old-style-bottled-in-bond-7-year-whiskey-750-ml,FALSE
heavens-door-10-year-old-decade-series-straight-bourbon-whiskey-75cl-50-abv-bob-dylan,FALSE
heavens-door-10-year-old-redbreast-finish-bourbon-whiskey-75cl-50-abv-bob-dylan,FALSE
heavens-door-10-year-old-redbreast-finish-bourbon-whiskey-75cl-50-abv-bob-dylan-includes-bob-dylan-street-legal-vinyl-album,FALSE
heavens-door-10-year-old-tennessee-bourbon-whiskey-75cl-50-abv-bob-dylan,FALSE
heavens-door-11-year-old-bootleg-series-volume-iv-2022-edition-bourbon-whiskey-75cl-55-58-abv-bob-dylan,FALSE
heavens-door-13-year-old-bootleg-series-volume-iii-bourbon-2021-edition-whiskey-75cl-60-55-abv-bob-dylan,FALSE
heavens-door-15-year-old-bootleg-series-volume-ii-2020-edition-bourbon-whiskey-75cl-52-3-abv-bob-dylan,FALSE
heavens-door-straight-bourbon-whiskey-70cl-42-abv-bob-dylan-includes-spotify-plaque,FALSE
heavens-door-tennessee-bourbon-whiskey-70cl-42-abv-bob-dylan,FALSE
heavens-door-the-bootleg-series-vol-vi-12-year-old-straight-bourbon-750ml,FALSE
henry-mckenna-bourbon-1-75l,FALSE
henry-mckenna-single-barrel-750ml,FALSE
henstone-ex-bourbon-cask-english-single-malt-whisky-70cl-43-8-abv,FALSE
high-west-bourbon-cask-collection-chardonnay-finish-750ml,FALSE
high-west-bourbon-whiskey-750ml,FALSE
high-west-straight-bourbon-cask-collection-barbados-rum-whiskey-750-ml,FALSE
hillrock-estate-solera-aged-bourbon-750ml,FALSE
hogsworth-bourbon-whiskey-750-ml,FALSE
horse-soldier-straight-bourbon-whiskey-750ml,FALSE
horse-with-no-name-4-year-old-habanero-infused-bourbon-whiskey-50cl-45-abv,FALSE
horse-with-no-name-4-year-old-habanero-infused-bourbon-whiskey-50cl-45-abv-includes-branded-glass,FALSE
howler-head-banana-bourbon-whiskey-750ml,FALSE
hudson-bourbon-do-the-rye-thing-375ml,FALSE
hudson-whiskey-bright-lights-big-bourbon-375ml,FALSE
hudson-whiskey-bright-lights-big-bourbon-750ml,FALSE
i-w-harper-15-year-kentucky-straight-bourbon-whiskey-750-ml,FALSE
invergordon-50-year-old-murray-mcdavid-mission-gold-series-single-bourbon-cask-1972-whisky-70cl-43-7-abv,FALSE
iron-smoke-cask-strength-straight-bourbon-whiskey-750ml,FALSE
j-w-kelly-old-milford-bourbon-whisky-70cl-47-abv,FALSE
jack-daniels-whiskey-single-barrel-select-750ml,FALSE
james-b-beam-distilling-co-knob-creek-basil-haydens-bookers-small-batch-bourbon-whiskey-70cl-x-3-40-abv-bundle,FALSE
james-e-pepper-1776-straight-bourbon-750ml,FALSE
james-e-pepper-1776-straight-bourbon-whiskey-750-ml,FALSE
james-e-pepper-bourbon-barrel-proof-decanter-750-ml,FALSE
jeffersonx27s-straight-bourbon-reserve-single-barrel-whiskey-750-ml,FALSE
jeffersonx27s-straight-bourbon-reserve-whiskey-750-ml,FALSE
jeffersonx27s-very-small-batch-bourbon-whiskey-750-ml,FALSE
jeffersons-grand-selection-chateau-suduiraut-bourbon-whiskey-75cl-45-abv,FALSE
jeffersons-marian-mclain-batch-blended-straight-bourbon-750ml,FALSE
jeffersons-ocean-aged-at-sea-bourbon-750ml,FALSE
jeffersons-reserve-bourbon-750ml,FALSE
jeffersons-reserve-prichard-hill-bourbon-750ml,FALSE
jeffersons-tropics-aged-in-humidity-kentucky-straight-bourbon-750ml,FALSE
jeffersons-very-small-batch-bourbon-750ml,FALSE
jim-beam-4-year-old-white-label-kentucky-straight-bourbon-whiskey-100cl-40-abv-1-litre,FALSE
jim-beam-4-year-old-white-label-kentucky-straight-bourbon-whiskey-5cl-40-abv-miniature,FALSE
jim-beam-4-year-old-white-label-kentucky-straight-bourbon-whiskey-5cl-x-10-40-abv-miniatures-10-x-5cl,FALSE
jim-beam-4-year-old-white-label-kentucky-straight-bourbon-whiskey-70cl-40-abv,FALSE
jim-beam-repeal-batch-kentucky-straight-bourbon-whiskey-75cl-43-abv0,FALSE
jim-beam-single-barrel-kentucky-straight-bourbon-whiskey-70cl-47-5-abv,FALSE
jim-beam-sunshine-blend-kentucky-straight-bourbon-whiskey-70cl-40-abv0,FALSE
jim-beam-black-bourbon-whiskey-1l,FALSE
jim-beam-black-extra-aged-bourbon-375ml,FALSE
jim-beam-bourbon-whiskey-1-75l,FALSE
jim-beam-bourbon-whiskey-1l,FALSE
jim-beam-bourbon-whiskey-375ml,FALSE
jim-beam-bourbon-whiskey-750ml,FALSE
jim-beam-devils-cut-bourbon-1-75l,FALSE
jim-beam-devils-cut-bourbon-1l,FALSE
jim-beam-devils-cut-bourbon-375ml,FALSE
jim-beam-devils-cut-bourbon-750ml,FALSE
jim-beam-peach-bourbon-whiskey-1-75l,FALSE
jim-beam-peach-bourbon-whiskey-750ml,FALSE
jim-beam-pineapple-liqueur-infused-with-bourbon-flavored-whiskey-750-ml,FALSE
jim-beam-red-stag-black-cherry-bourbon-whiskey-750ml,FALSE
jim-beam-single-barrel-bourbon-whiskey-750ml,FALSE
jim-beam-straight-bourbon-black-7-year-whiskey-750-ml,FALSE
jim-beam-straight-bourbon-dodgers-8th-title-champions-2024-special-edition-release-4-year-whiskey-750-ml,FALSE
jim-beam-straight-bourbon-white-label-whiskey-750-ml,FALSE
jim-beam-vanilla-bourbon-whiskey-750ml,FALSE
jim-beam-white-label-bourbon-200ml,FALSE
john-j-bowman-straight-bourbon-single-barrel-750-ml,FALSE
johnny-drum-4-year-old-black-label-sour-mash-bourbon-whiskey-70cl-43-abv,FALSE
johnny-drum-4-year-old-green-label-sour-mash-bourbon-whiskey-70cl-40-abv,FALSE
johnny-drum-private-stock-101-kentucky-straight-bourbon-whiskey-750-ml,FALSE
joseph-a-magnus-bourbon-cigar-blend-whiskey-750-ml,FALSE
joseph-magnus-cigar-blend-straight-bourbon-750ml,FALSE
joseph-magnus-murray-hill-club-bourbon-750ml,FALSE
joseph-magnus-straight-bourbon-whiskey-750-ml,FALSE
joseph-magnus-triple-cask-finish-straight-bourbon-whiskey-750ml,FALSE
kavalan-bourbon-oak-matured-single-malt-taiwanese-whisky-70cl-46-abv,FALSE
kavalan-solist-bourbon-single-cask-051a-whisky-70cl-57-8-abv,FALSE
kavalan-solist-bourbon-single-cask-062a-whisky-70cl-54-abv,FALSE
keepers-heart-irish-bourbon-blend-750ml,FALSE
keepers-heart-irish-bourbon-cask-strength-750ml,FALSE
kentucky-owl-batch-10-kentucky-straight-bourbon-whiskey-70cl-60-1-abv,FALSE
kentucky-owl-batch-11-kentucky-straight-bourbon-whiskey-70cl-59-4-abv,FALSE
kentucky-owl-batch-12-kentucky-straight-bourbon-whiskey-70cl-57-9-abv,FALSE
kentucky-owl-batch-8-kentucky-straight-bourbon-whiskey-70cl-60-5-abv,FALSE
kentucky-owl-batch-9-kentucky-straight-bourbon-whiskey-70cl-63-8-abv,FALSE
kentucky-owl-confiscated-kentucky-straight-bourbon-whiskey-70cl-48-2-abv,FALSE
kentucky-owl-st-patricks-day-2022-limited-edition-kentucky-straight-bourbon-whiskey-70cl-50-abv,FALSE
kentucky-owl-takumi-limited-edition-kentucky-straight-bourbon-whiskey-70cl-50-abv,FALSE
kentucky-owl-the-wiseman-kentucky-straight-bourbon-whiskey-70cl-45-4-abv,FALSE
kentucky-owl-wiseman-straight-bourbon-750ml,FALSE
kentucky-vintage-bourbon-750ml,FALSE
kilkerran-8-year-old-cask-strength-2017-release-bourbon-cask-matured-single-malt-scotch-whisky-70cl-55-7-abv,FALSE
kilkerran-8-year-old-cask-strength-2018-release-bourbon-cask-matured-single-malt-scotch-whisky-70cl-56-5-abv,FALSE
kilkerran-8-year-old-cask-strength-2025-release-bourbon-cask-matured-single-malt-scotch-whisky-70cl-55-6-abv,FALSE
kilkerran-8-year-old-cask-strength-2026-release-bourbon-cask-matured-single-malt-scotch-whisky-70cl-57-7-abv0,FALSE
kilkerran-work-in-progress-6-bourbon-wood-single-malt-scotch-whisky-70cl-46-abv,FALSE
kilkerran-8yr-bourbon-cask-strength-700ml,FALSE
kings-county-blended-bourbon-750ml,FALSE
kings-county-distillery-straight-bourbon-375ml,FALSE
kings-county-distillery-straight-bourbon-whiskey-200ml,FALSE
kings-county-peated-bourbon-750ml,FALSE
kings-county-straight-bourbon-whiskey-750ml,FALSE
knob-creek-9-year-old-small-batch-kentucky-straight-bourbon-whiskey-70cl-50-abv,FALSE
knob-creek-smoked-maple-kentucky-straight-bourbon-whiskey-75cl-45-abv0,FALSE
knob-creek-12-year-old-straight-bourbon-whisky-750ml,FALSE
knob-creek-18-year-old-kentucky-straight-bourbon-whiskey-750-ml,FALSE
knob-creek-21-year-bourbon-whiskey-100pf-750ml,FALSE
knob-creek-blenders-edition-01-bourbon-750ml,FALSE
knob-creek-bourbon-whiskey-1-75l,FALSE
knob-creek-bourbon-whiskey-1l,FALSE
knob-creek-bourbon-whiskey-375ml,FALSE
knob-creek-bourbon-whiskey-750ml,FALSE
knob-creek-single-barrel-reserve-bourbon-whiskey-750ml,FALSE
knob-creek-smoked-maple-bourbon-whiskey-750ml,FALSE
knob-creek-straight-bourbon-single-barrel-reserve-9-year-whiskey-750-ml,FALSE
knob-creek-straight-bourbon-small-batch-12-year-whiskey-750-ml,FALSE
knob-creek-straight-bourbon-small-batch-9-year-whiskey-750-ml,FALSE
koval-single-barrel-bourbon-750ml,FALSE
lagavulin-11-years-old-sweet-peat-aged-in-bourbon-casks-750ml,FALSE
laphroaig-15-year-old-glaschu-bourbon-cask-matured-single-malt-scotch-2008-whisky-70cl-50-abv0,FALSE
larceny-small-batch-bourbon-750ml,FALSE
larceny-straight-bourbon-small-batch-3-pack-750-ml,FALSE
larceny-straight-bourbon-small-batch-6-pack-750-ml,FALSE
larceny-straight-bourbon-small-batch-whiskey-750-ml,FALSE
legent-kentucky-straight-bourbon-whiskey-70cl-47-abv,FALSE
legent-bourbon-whiskey-750ml,FALSE
legent-straight-bourbon-yamazaki-cask-finish-blend-whiskey-750-ml,FALSE
legent-yamazaki-cask-finish-blend-kentucky-straight-bourbon-whiskey-750ml,FALSE
leipers-fork-4-year-old-bottled-in-bond-bourbon-whiskey-70cl-50-abv,FALSE
leipers-fork-4-year-old-bottled-in-bond-tennessee-bourbon-whiskey-70cl-50-abv,FALSE
lindores-the-casks-of-lindores-1st-edition-bourbon-cask-lowland-single-malt-scotch-whisky-70cl-49-4-abv,FALSE
lindores-the-casks-of-lindores-ii-bourbon-cask-lowland-single-malt-scotch-whisky-70cl-49-4-abv,FALSE
linkwood-9-year-old-carn-mor-strictly-limited-bourbon-cask-finish-single-malt-scotch-2011-whisky-70cl-47-5-abv,FALSE
litchfield-distillery-6yr-double-barreled-bourbon-750ml,FALSE
litchfield-distillery-batchers-bourbon-750ml,FALSE
litchfield-distillery-bourbon-cask-strength-straight-batchers3-year-cask-750ml,FALSE
litchfield-distillery-bourbon-coffee-batchers-750ml,FALSE
litchfield-maple-bourbon-750ml,FALSE
little-book-chapter-8-path-not-taken-2024-bourbon-whiskey-750-ml,FALSE
little-book-the-infinite-kentucky-straight-bourbon-edition-1-750-ml,FALSE
loch-lomond-27-year-old-old-rhosdhu-coopers-choice-single-bourbon-cask-222-1994-whisky-70cl-47-abv,FALSE
loch-lomond-croftengea-murray-mcdavid-cask-craft-bourbon-finish-single-malt-scotch-whisky-70cl-44-5-abv0,FALSE
log-still-americas-47-bourbon-750ml,FALSE
ludlow-5-year-old-distillers-cut-cask-edition-no-4-ex-bourbon-single-malt-english-whisky-70cl-42-abv,FALSE
lux-row-small-batch-sherry-cask-750ml,FALSE
mad-river-distillers-bourbon-750ml,FALSE
makerx27s-46-straight-bourbon-whiskey-750-ml,FALSE
makerx27s-mark-kentucky-straight-bourbon-whiskey-wood-finishing-series-the-keepers-release-750-ml,FALSE
makerx27s-mark-straight-bourbon-whiskey-750-ml,FALSE
makers-46-bourbon-whisky-375ml,FALSE
makers-46-bourbon-whisky-750ml,FALSE
makers-mark-2025-christmas-jumper-kentucky-straight-bourbon-whiskey-70cl-45-abv0,FALSE
makers-mark-46-kentucky-straight-bourbon-whiskey-70cl-47-abv,FALSE
makers-mark-cask-strength-kentucky-straight-bourbon-whiskey-70cl-55-05-abv,FALSE
makers-mark-cellar-aged-2023-release-kentucky-straight-bourbon-whiskey-70cl-57-85-abv,FALSE
makers-mark-kentucky-straight-bourbon-whiskey-5cl-45-abv-miniature,FALSE
makers-mark-kentucky-straight-bourbon-whiskey-5cl-x-12-45-abv-miniatures-12-x-5cl,FALSE
makers-mark-kentucky-straight-bourbon-whiskey-70cl-45-abv,FALSE
makers-mark-wood-finishing-series-no-3-london-edition-kentucky-straight-bourbon-whiskey-70cl-55-4-abv0,FALSE
makers-mark-101-bourbon-whisky-750ml,FALSE
makers-mark-bourbon-whisky-1-75l,FALSE
makers-mark-bourbon-whisky-1l,FALSE
makers-mark-bourbon-whisky-200ml,FALSE
makers-mark-bourbon-whisky-375ml,FALSE
makers-mark-bourbon-whisky-750ml,FALSE
makers-mark-cask-strength-bourbon-375ml,FALSE
makers-mark-cask-strength-bourbon-750ml,FALSE
makers-mark-wood-finishing-series-bourbon-keepers-release-2025-750ml,FALSE
mannochmore-11-year-old-carn-mor-strictly-limited-bourbon-cask-finish-single-malt-scotch-2010-whisky-70cl-47-5-abv,FALSE
mannochmore-12-year-old-carn-mor-strictly-limited-bourbon-cask-finish-single-malt-scotch-2010-whisky-70cl-47-5-abv,FALSE
michterx27s-us1-small-batch-bourbon-single-barrel-straight-rye-unblended-american-sour-mash-bourbon-bundle,FALSE
michters-20-year-old-2022-limited-release-kentucky-straight-bourbon-whiskey-70cl-57-1-abv,FALSE
michters-2021-limited-release-toasted-barrel-finish-kentucky-straight-bourbon-whiskey-70cl-45-7-abv,FALSE
michters-2024-limited-release-toasted-barrel-finish-kentucky-straight-bourbon-whiskey-70cl-45-7-abv,FALSE
michters-bombergers-declaration-2020-release-kentucky-straight-bourbon-whiskey-70cl-54-abv,FALSE
michters-bombergers-declaration-2021-release-kentucky-straight-bourbon-whiskey-70cl-54-abv,FALSE
michters-bombergers-declaration-2022-release-kentucky-straight-bourbon-whiskey-70cl-54-abv,FALSE
michters-bombergers-declaration-2023-release-kentucky-straight-bourbon-whiskey-70cl-54-abv,FALSE
michters-bombergers-declaration-2024-release-kentucky-straight-bourbon-whiskey-70cl-54-abv,FALSE
michters-bombergers-declaration-2025-release-kentucky-straight-bourbon-whiskey-70cl-54-abv0,FALSE
michters-us1-kentucky-straight-bourbon-whiskey-70cl-45-7-abv,FALSE
michters-us1-kentucky-straight-bourbon-whiskey-70cl-45-7-abv-includes-hat,FALSE
michters-us1-kentucky-straight-bourbon-750ml,FALSE
michters-us1-small-batch-bourbon-whiskey-750-ml,FALSE
michters-us1-sour-mash-bourbon-whiskey-750-ml,FALSE
michters-us1-toasted-barrel-finish-bourbon-750ml,FALSE
milam-and-greene-triple-cask-blended-bourbon-750ml,FALSE
miltonduff-10-year-old-carn-mor-strictly-limited-bourbon-cask-finish-single-malt-scotch-2011-whisky-70cl-47-5-abv,FALSE
miltonduff-10-year-old-coopers-choice-single-bourbon-cask-800531-2011-whisky-70cl-56-5-abv,FALSE
minden-mill-distilling-4-yeras-old-nevada-non-chill-filtered-straight-bourbon-750ml,FALSE
monks-road-small-batch-bourbon-750ml,FALSE
nantou-yushan-signature-bourbon-cask-taiwanese-single-malt-whisky-70cl-46-abv,FALSE
new-riff-kentucky-straight-bourbon-whiskey-5cl-50-abv-miniature,FALSE
new-riff-8-year-bourbon-750ml,FALSE
new-riff-bottled-in-bond-bourbon-750ml,FALSE
new-riff-single-barrel-kentucky-straight-bourbon-whiskey-750ml,FALSE
new-riff-single-barrel-selection-barrel-rye-750ml,FALSE
nikka-miyagikyo-bourbon-wood-finish-single-malt-japanese-whisky-70cl-46-abv,FALSE
nikka-yoichi-bourbon-wood-finish-single-malt-japanese-whisky-70cl-46-abv,FALSE
noahx27s-mill-kentucky-straight-bourbon-whiskey-750-ml,FALSE
noahs-mill-small-batch-kentucky-bourbon-whiskey-70cl-57-15-abv,FALSE
noahs-mill-bourbon-750ml,FALSE
noble-oak-bourbon-750ml,FALSE
oak-eden-antrho-series-forrie-j-smith-bourbon-whiskey-750-ml,FALSE
octomore-11-year-old-single-bourbon-cask-islay-single-malt-2013-whisky-70cl-59-4-abv,FALSE
old-bardstown-estate-bottled-kentucky-straight-bourbon-whiskey-101-proof-750ml,FALSE
old-crow-bourbon-1-75l,FALSE
old-elk-8-years-old-straight-wheated-bourbon-100-proof-750ml,FALSE
old-elk-blended-straight-bourbon-750ml,FALSE
old-elk-bourbon-single-barrel-straight-wheat-whiskey-750ml,FALSE
old-elk-distillery-nooku-bourbon-cream-liqueur-750ml,FALSE
old-elk-nooku-bourbon-peppermint-cream-750ml,FALSE
old-fitzgerald-11-year-old-bottled-in-bond-bourbon-2006-whiskey-70cl-50-abv,FALSE
old-fitzgerald-11-year-old-bottled-in-bond-bourbon-2010-whiskey-75cl-50-abv,FALSE
old-fitzgerald-7-year-straight-bourbon-bottled-in-bond-750ml,FALSE
old-forester-12-year-old-barrel-reserve-1996-olympics-bourbon-1984-whiskey-100cl-48-abv,FALSE
old-forester-1870-original-batch-kentucky-straight-bourbon-whiskey-70cl-45-abv,FALSE
old-forester-100-proof-kentucky-straight-bourbon-whisky-750ml,FALSE
old-forester-86-proof-kentucky-straight-bourbon-whiskey-750-ml,FALSE
old-forester-86-proof-kentucky-straight-bourbon-whisky-1-75l,FALSE
old-forester-86-proof-kentucky-straight-bourbon-whisky-1l,FALSE
old-forester-86-proof-kentucky-straight-bourbon-whisky-375ml,FALSE
old-forester-statesman-kentucky-straight-bourbon-whisky-750ml,FALSE
old-forester-whiskey-row-series-1870-original-batch-kentucky-straight-bourbon-whisky-750ml,FALSE
old-forester-whiskey-row-series-1897-bottled-in-bond-kentucky-straight-bourbon-whisky-750ml,FALSE
old-forester-whiskey-row-series-1910-old-fine-whisky-kentucky-straight-bourbon-whisky-750ml,FALSE
old-forester-whiskey-row-series-1920-prohibition-style-kentucky-straight-bourbon-whisky-750ml,FALSE
old-grand-dad-114-bourbon-750ml,FALSE
old-grand-dad-bonded-100-proof-bourbon-1l,FALSE
old-grand-dad-straight-bourbon-whiskey-750-ml,FALSE
old-grand-dad-kentucky-straight-bourbon-whiskey-80-proof-1-75l,FALSE
old-pulteney-11-year-old-carn-mor-strictly-limited-bourbon-cask-finish-single-malt-scotch-2011-whisky-70cl-47-5-abv,FALSE
ole-smoky-tennessee-straight-bourbon-whiskey-750ml,FALSE
pappy-van-winkle-20-year-old-2021-family-reserve-kentucky-straight-bourbon-whiskey-75cl-45-2-abv,FALSE
pappy-van-winkle-20-year-old-2024-family-reserve-kentucky-straight-bourbon-whiskey-70cl-45-2-abv,FALSE
pappy-van-winkle-23-year-old-kentucky-straight-bourbon-whiskey-750-ml,FALSE
pappy-van-winkle-bourbon-barrel-aged-pepper-sauce,FALSE
pappy-van-winkle-bourbon-barrel-aged-old-fashioned-mix,FALSE
pappy-van-winkle-bourbon-barrel-aged-pure-maple-syrup,FALSE
peaky-blinder-straight-bourbon-whiskey-70cl-40-abv,FALSE
peerless-bourbon-small-batch-750ml,FALSE
peerless-double-oak-bourbon-750ml,FALSE
peerless-high-rye-bourbon-750ml,FALSE
peerless-toasted-bourbon-750ml,FALSE
pendleton-1910-bourbon-750ml,FALSE
pendleton-1910-straight-bourbon-10-year-whiskey-750-ml,FALSE
penelope-9-year-aged-private-select-barrel-strength-straight-bourbon-750ml,FALSE
penelope-bourbon-aged-17-year-american-light-whiskey-limited-release-750-ml,FALSE
penelope-bourbon-architect-whiskey-750-ml,FALSE
penelope-bourbon-barrel-strength-whiskey-750-ml,FALSE
penelope-bourbon-four-grain-bourbon-750ml,FALSE
penelope-bourbon-four-grain-whiskey-750-ml,FALSE
penelope-bourbon-peach-old-fashioned-ready-to-pour-cocktail-750-ml,FALSE
penelope-bourbon-peach-old-fashioned-ready-to-pour-cocktail-750-ml-12-pack,FALSE
penelope-bourbon-peach-old-fashioned-ready-to-pour-cocktail-750-ml-3-pack,FALSE
penelope-bourbon-peach-old-fashioned-ready-to-pour-cocktail-750-ml-6-pack,FALSE
penelope-bourbon-penelope-rio-bourbon-whiskey-750-ml,FALSE
penelope-bourbon-rose-cask-finish-whiskey-750-ml,FALSE
penelope-bourbon-tokaji-cask-finish-whiskey-750-ml,FALSE
penelope-bourbon-wheated-straight-bourbon-whiskey-four-grain-non-chill-filtered-750-ml,FALSE
penelope-estate-collection-10-year-single-barrel-bourbon-108-2-proof-750-ml,FALSE
penelope-wheated-straight-bourbon-whiskey-750ml,FALSE
pinhook-flagship-kentucky-straight-bourbon-whiskey-750-ml,FALSE
quality-house-white-bourbon-1-75l,FALSE
rabbit-hole-dareringer-finished-in-px-sherry-casks-kentucky-straight-bourbon-whiskey-750ml,FALSE
rabbit-hole-heigold-kentucky-straight-bourbon-whiskey-70cl-47-5-abv,FALSE
rabbit-hole-cavehill-kentucky-straight-bourbon-whiskey-750ml,FALSE
rabbit-hole-heigold-rye-kentucky-straight-bourbon-750ml,FALSE
rare-hare-17-year-old-1953-anniversary-edition-straight-bourbon-whiskey-70cl-55-5-abv,FALSE
rattlesnake-rosies-chocolate-peanut-butter-pie-bourbon-cream-750ml,FALSE
rd-one-oak-and-maple-bourbon-750ml,FALSE
rebel-10-year-old-single-barrel-bourbon-whiskey-75cl-50-abv,FALSE
rebel-100-proof-oloroso-cask-kentucky-straight-bourbon-whiskey-70cl-50-abv,FALSE
rebel-100-proof-kentucky-straight-bourbon-whiskey-70cl-50-abv,FALSE
rebel-6-year-old-100-proof-kentucky-straight-bourbon-whiskey-70cl-50-abv,FALSE
rebel-french-barrel-finish-kentucky-straight-bourbon-whiskey-70cl-45-abv,FALSE
rebel-kentucky-straight-bourbon-whiskey-6-year-100-proof-bottled-in-bond-single-barrel-750-ml,FALSE
rebel-yell-10-year-old-single-barrel-kentucky-straight-bourbon-whiskey-750ml,FALSE
rebel-yell-cask-strength-barrel-bourbon-whiskey-750-ml,FALSE
red-stag-black-cherry-infused-straight-bourbon-whiskey-750-ml,FALSE
redemption-9-year-barrel-proof-bourbon-750ml,FALSE
redemption-bourbon-750ml,FALSE
redemption-high-rye-bourbon-whiskey-750ml,FALSE
redemption-straight-bourbon-whiskey-750ml,FALSE
redemption-straight-bourbon-whiskey-750-ml,FALSE
redemption-wheated-bourbon-750ml,FALSE
redwood-empire-pipe-dream-101-bourbon-750ml,FALSE
redwood-empire-pipe-dream-bourbon-750ml,FALSE
redwood-empire-screaming-titan-wheated-bourbon-whiskey-750ml,FALSE
regimental-bourbon-750ml,FALSE
remington-reserve-open-season-blend-750ml,FALSE
remus-repeal-reserve-series-viii-straight-bourbon-whiskey-750-ml,FALSE
remus-straight-bourbon-single-108-5-proof-750-ml,FALSE
reservoir-2-year-old-that-boutique-y-whisky-company-batch-1-bourbon-spirit-50cl-46-6-abv,FALSE
rock-hill-farms-single-barrel-kentucky-straight-bourbon-whiskey-750-ml,FALSE
rough-rider-double-casked-straight-bourbon-750ml,FALSE
row-94-whiskey-kentucky-straight-bourbon-whiskey-750ml,FALSE
rowanx27s-creek-kentucky-straight-bourbon-whiskey-750-ml,FALSE
rowans-creek-bourbon-750ml,FALSE
russells-reserve-10-year-old-bourbon-750ml,FALSE
sapling-maple-bourbon-750ml,FALSE
savage-cooke-cask-finished-california-straight-bourbon-whiskey-750ml,FALSE
smooth-ambler-11-year-old-old-scout-single-barrel-bourbon-whiskey-75cl-50-3-abv,FALSE
smooth-ambler-contradiction-bourbon-750ml,FALSE
smooth-ambler-old-scout-straight-bourbon-750ml,FALSE
sonoma-distilling-company-sonoma-west-of-kentucky-bourbon-whiskey,FALSE
southern-comfort-1-75l,FALSE
springbank-14-year-old-bourbon-wood-campbeltown-single-malt-scotch-2002-whisky-70cl-55-8-abv,FALSE
stagg-jr-batch-23c-barrel-proof-kentucky-straight-bourbon-whiskey-75cl-62-95-abv,FALSE
stagg-jr-batch-25b-barrel-proof-kentucky-straight-bourbon-whiskey-70cl-63-45-abv0,FALSE
stagg-jr-127-8-proof-24b-kentucky-straight-bourbon-whiskey-750-ml,FALSE
stagg-kentucky-straight-bourbon-whiskey-batch-24c-128-9-proof-750-ml,FALSE
stagg-kentucky-straight-bourbon-whiskey-batch-24d-127-4-proof-750-ml,FALSE
starlight-carl-t-indiana-bourbon-750ml,FALSE
strathclyde-26-year-old-coopers-choice-single-bourbon-cask-243388-1993-whisky-70cl-52-5-abv,FALSE
strathclyde-28-year-old-coopers-choice-single-bourbon-cask-243393-1993-whisky-70cl-49-5-abv,FALSE
sullivans-cove-12-year-old-american-oak-ex-bourbon-single-cask-0351-2008-whisky-70cl-46-5-abv,FALSE
sweetens-cove-blended-straight-bourbon-whiskies-cask-strength-whiskey-750-ml,FALSE
taconic-distillery-cask-strength-rye-whiskey-750ml,FALSE
taconic-double-barrel-maple-bourbon-750ml,FALSE
taconic-dutchess-private-reserve-750ml,FALSE
ten-high-bourbon-750ml,FALSE
that-boutique-y-whisky-company-24-year-old-batch-1-bourbon-whiskey-50cl-48-abv,FALSE
the-english-5-year-old-1st-fill-bourbon-cask-matured-small-batch-single-malt-2016-whisky-70cl-46-abv,FALSE
the-federalist-zinfandel-bourbon-barrel-aged-750ml,FALSE
the-pyrenean-drinks-co-bourbon-whiskey-3cl-x-5-40-abv-5-x-3cl-tasting-set,FALSE
thomas-s-moore-kentucky-straight-bourbon-whiskey-cabernet-sauvignon-finish-750ml,FALSE
thomas-s-moore-kentucky-straight-bourbon-whiskey-chardonnay-finish-750ml,FALSE
thomas-s-moore-port-cask-bourbon-750ml,FALSE
thomas-s-moore-straight-bourbon-extended-cask-finish-cognac-casks-whiskey-750-ml,FALSE
three-chord-strange-collaboration-750ml,FALSE
tincup-10-year-bourbon-750ml,FALSE
tomatin-20-year-old-single-ex-bourbon-cask-40389-2005-whisky-70cl-54-3-abv-uk-exclusive,FALSE
tomintoul-12-year-old-single-bourbon-cask-11574-2007-whisky-70cl-65-7-abv,FALSE
tomintoul-19-year-old-single-bourbon-cask-37-2001-whisky-70cl-58-4-abv,FALSE
traveller-blend-buffalo-trace-bourbon-combo-750-ml,FALSE
traverse-city-barrel-proof-bourbon-750ml,FALSE
traverse-city-straight-bourbon-xxx-750ml,FALSE
uncle-nearest-1856-premium-bourbon-whiskey-750-ml,FALSE
undisclosed-orkney-16-year-old-skara-brae-coopers-choice-single-bourbon-cask-22-2005-whisky-70cl-57-abv,FALSE
undisclosed-orkney-8-year-old-claxtons-exploration-series-bourbon-hogshead-whisky-70cl-50-abv,FALSE
vermont-ice-maple-bourbon-creme-750ml,FALSE
w-l-weller-antique-wheated-kentucky-straight-bourbon-whiskey-750ml,FALSE
w-l-weller-bourbon-12-year-750ml-with-gift-w-l-weller-bourbon-12-year-750ml-with-glass-set,FALSE
w-l-weller-bourbon-12-year-whiskey-750-ml,FALSE
w-l-weller-bourbon-12-year-whiskey-750-ml-3-pack,FALSE
w-l-weller-bourbon-12-year-whiskey-750-ml-6-pack,FALSE
w-l-weller-single-barrel-kentucky-straight-bourbon-whiskey-750-ml,FALSE
w-l-weller-special-reserve-kentucky-straight-bourbon-whiskey-750ml,FALSE
weller-bourbon-antique-107-750ml,FALSE
west-cork-distillers-bourbon-cask-irish-whisky-750ml,FALSE
whistlepig-the-boss-hog-viii-lapulapus-pacific-bourbon-straight-rye-whiskey-70cl-52-4-abv,FALSE
whistlepig-piggyback-bourbon-6-year-whiskey-750-ml,FALSE
whistlepig-piggyback-bourbon-6yr-750ml,FALSE
white-peak-wire-works-bourbon-barrel-matured-english-single-malt-whisky-70cl-53-4-abv0,FALSE
widow-jane-10-year-old-new-york-single-barrel-bourbon-whiskey-70cl-45-5-abv,FALSE
widow-jane-10-year-bourbon-whiskey-750-ml,FALSE
widow-jane-baby-jane-bourbon-750ml,FALSE
widow-jane-bourbon-375ml,FALSE
widow-jane-bourbon-750ml,FALSE
widow-jane-bourbon-decadence-750-ml,FALSE
widow-jane-decadence-bourbon-750ml,FALSE
widow-jane-lucky-thirteen-bourbon-750ml,FALSE
wild-turkey-101-kentucky-straight-bourbon-whiskey-70cl-20cl-50-5-abv-old-fashioned-cocktail-bundle,FALSE
wild-turkey-101-kentucky-straight-bourbon-whiskey-70cl-50-5-abv,FALSE
wild-turkey-101-kentucky-straight-bourbon-whiskey-70cl-x-3-50-5-abv-boulevardier-cocktail-bundle,FALSE
wild-turkey-8-year-old-101-kentucky-straight-bourbon-whiskey-75cl-50-5-abv-old-bottling,FALSE
wild-turkey-81-kentucky-straight-bourbon-whiskey-70cl-20cl-40-5-abv-old-fashioned-cocktail-bundle,FALSE
wild-turkey-81-kentucky-straight-bourbon-whiskey-70cl-40-5-abv,FALSE
wild-turkey-porcelain-decanter-101-kentucky-straight-bourbon-whiskey-75cl-50-5-abv0,FALSE
wild-turkey-rare-breed-kentucky-straight-bourbon-whiskey-70cl-58-4-abv,FALSE
wild-turkey-wedgwood-crystal-decanter-101-kentucky-straight-bourbon-whiskey-100cl-50-5-abv0,FALSE
wild-turkey-10-years-old-masters-keep-voyage-finished-in-jamaican-rum-casks-kentucky-straight-bourbon-whiskey-750ml,FALSE
wild-turkey-101-bourbon-750ml,FALSE
wild-turkey-101-8-years-old-bourbon-750ml,FALSE
wild-turkey-101-bourbon-1-75l,FALSE
wild-turkey-101-bourbon-1l,FALSE
wild-turkey-101-bourbon-200ml,FALSE
wild-turkey-101-bourbon-375ml,FALSE
wild-turkey-bourbon-750ml,FALSE
wild-turkey-bourbon-kentucky-spirit-single-barrel-750ml,FALSE
wild-turkey-rare-breed-bourbon-750ml,FALSE
wild-turkey-straight-bourbon-kentucky-spirit-single-barrel-whiskey-750-ml,FALSE
wilderness-trail-bottled-in-bond-bourbon-whiskey-750ml,FALSE
willett-distillery-rare-release-cask-strength-bourbon-750ml,FALSE
willett-pot-still-reserve-kentucky-straight-bourbon-1-75l,FALSE
willett-pot-still-reserve-kentucky-straight-bourbon-750ml,FALSE
william-larue-weller-12-year-old-antique-collection-2015-edition-kentucky-straight-bourbon-2003-whiskey-75cl-67-3-abv,FALSE
william-larue-weller-12-year-old-antique-collection-2020-edition-kentucky-straight-bourbon-2008-whiskey-70cl-67-25-abv,FALSE
william-larue-weller-c-y-p-b-kentucky-straight-bourbon-whiskey-75cl-47-5-abv,FALSE
william-larue-weller-special-reserve-kentucky-straight-bourbon-whiskey-70cl-45-abv,FALSE
william-larue-weller-kentucky-straight-bourbon-whiskey-2024-release-750-ml,FALSE
william-wolf-pecan-bourbon-whiskey-750ml,FALSE
woodford-reserve-2021-holiday-edition-kentucky-straight-bourbon-whiskey-70cl-43-2-abv-version-2,FALSE
woodford-reserve-2022-holiday-edition-kentucky-straight-bourbon-whiskey-100cl-45-2-abv-1-litre,FALSE
woodford-reserve-2025-holiday-edition-kentucky-straight-bourbon-whiskey-70cl-43-2-abv-ultimate-cocktail-gift-pack,FALSE
woodford-reserve-2025-holiday-edition-kentucky-straight-bourbon-whiskey-70cl-43-2-abv0,FALSE
woodford-reserve-baccarat-edition-kentucky-straight-bourbon-whiskey-70cl-45-2-abv,FALSE
woodford-reserve-baccarat-edition-kentucky-straight-bourbon-whiskey-70cl-45-2-abv-includes-baccarat-glasses,FALSE
woodford-reserve-distillers-select-kentucky-straight-bourbon-whiskey-5cl-43-2-abv-miniature,FALSE
woodford-reserve-distillers-select-kentucky-straight-bourbon-whiskey-5cl-x-12-43-2-abv-miniatures-12-x-5cl,FALSE
woodford-reserve-distillers-select-kentucky-straight-bourbon-whiskey-70cl-43-2-abv,FALSE
woodford-reserve-distillers-select-kentucky-straight-bourbon-whiskey-70cl-43-2-abv-includes-branded-glass,FALSE
woodford-reserve-distillers-select-kentucky-straight-bourbon-whiskey-70cl-43-2-abv-cocktail-gift-pack,FALSE
woodford-reserve-distillers-select-kentucky-straight-bourbon-whiskey-70cl-43-3-abv-fathers-day-edition,FALSE
woodford-reserve-double-oaked-kentucky-straight-bourbon-whiskey-70cl-43-2-abv,FALSE
woodford-reserve-double-oaked-kentucky-straight-bourbon-whiskey-70cl-43-2-abv-includes-branded-glass,FALSE
woodford-reserve-kentucky-derby-142-kentucky-straight-bourbon-whiskey-100cl-45-2-abv-1-litre,FALSE
woodford-reserve-kentucky-derby-143-kentucky-straight-bourbon-whiskey-100cl-45-2-abv-1-litre,FALSE
woodford-reserve-kentucky-derby-145-kentucky-straight-bourbon-whiskey-100cl-45-2-abv-1-litre,FALSE
woodford-reserve-masters-collection-121-2-batch-proof-kentucky-straight-bourbon-whiskey-70cl-60-6-abv0,FALSE
woodford-reserve-masters-collection-123-2-batch-proof-kentucky-straight-bourbon-whiskey-70cl-61-6-abv,FALSE
woodford-reserve-masters-collection-123-2-batch-proof-kentucky-straight-bourbon-whiskey-70cl-61-6-abv-includes-branded-glass,FALSE
woodford-reserve-masters-collection-123-6-batch-proof-kentucky-straight-bourbon-whiskey-70cl-61-8-abv,FALSE
woodford-reserve-masters-collection-123-6-batch-proof-kentucky-straight-bourbon-whiskey-70cl-61-8-abv-includes-branded-glass,FALSE
woodford-reserve-masters-collection-124-7-batch-proof-kentucky-straight-bourbon-whiskey-70cl-62-35-abv,FALSE
woodford-reserve-masters-collection-125-8-batch-proof-kentucky-straight-bourbon-whiskey-70cl-62-9-abv,FALSE
woodford-reserve-masters-collection-1838-style-white-corn-kentucky-straight-bourbon-whiskey-70cl-45-2-abv,FALSE
woodford-reserve-masters-collection-brandy-cask-finish-kentucky-straight-bourbon-whiskey-70cl-45-2-abv,FALSE
woodford-reserve-masters-collection-classic-malt-kentucky-straight-bourbon-whiskey-70cl-45-2-abv,FALSE
woodford-reserve-masters-collection-five-malt-stouted-mash-kentucky-straight-bourbon-whiskey-70cl-45-2-abv,FALSE
woodford-reserve-masters-collection-historic-barrel-entry-kentucky-straight-bourbon-whiskey-70cl-45-2-abv,FALSE
woodford-reserve-masters-collection-historic-barrel-entry-kentucky-straight-bourbon-whiskey-70cl-45-2-abv-includes-branded-glass,FALSE
woodford-reserve-masters-collection-madeira-cask-finished-kentucky-straight-bourbon-whiskey-70cl-45-2-abv0,FALSE
woodford-reserve-masters-collection-maple-wood-finish-kentucky-straight-bourbon-whiskey-70cl-47-2-abv,FALSE
woodford-reserve-masters-collection-maple-wood-finish-kentucky-straight-bourbon-whiskey-70cl-47-2-abv-includes-branded-glass,FALSE
woodford-reserve-masters-collection-select-american-oak-kentucky-straight-bourbon-whiskey-70cl-45-2-abv,FALSE
woodford-reserve-masters-collection-smoked-cherry-cask-finish-kentucky-straight-bourbon-whiskey-70cl-45-2-abv,FALSE
woodford-reserve-masters-collection-sonoma-triple-finish-kentucky-straight-bourbon-whiskey-70cl-45-2-abv-includes-branded-glass,FALSE
woodford-reserve-masters-collection-sonoma-triple-finish-kentucky-straight-bourbon-whiskey-70cl-45-2-abv0,FALSE
woodford-reserve-bourbon-2024-holiday-limited-edition-1-liter,FALSE
woodford-reserve-double-oaked-kentucky-straight-bourbon-whiskey-375ml,FALSE
woodford-reserve-double-oaked-kentucky-straight-bourbon-whiskey-750ml,FALSE
woodford-reserve-double-oaked-kentucky-straight-bourbon-whiskey-750-ml,FALSE
woodford-reserve-kentucky-derby-edition-152-1l,FALSE
woodford-reserve-kentucky-straight-bourbon-1-75l,FALSE
woodford-reserve-kentucky-straight-bourbon-whiskey-1l,FALSE
woodford-reserve-kentucky-straight-bourbon-whiskey-200ml,FALSE
woodford-reserve-kentucky-straight-bourbon-whiskey-375ml,FALSE
woodford-reserve-kentucky-straight-bourbon-whiskey-50ml,FALSE
woodford-reserve-kentucky-straight-bourbon-whiskey-750ml,FALSE
woodford-reserve-kentucky-straight-bourbon-whiskey-kentucky-derby-151-edition-1-liter,FALSE
woodford-reserve-kentucky-straight-bourbon-whiskey-kentucky-derby-151-edition-1-liter-3-pack,FALSE
woodford-reserve-kentucky-straight-bourbon-whiskey-kentucky-derby-151-edition-1-liter-6-pack,FALSE
woodford-reserve-kentucky-straight-bourbon-whiskey-masterx27s-collection-batch-proof-119-5-700-ml,FALSE
woodford-reserve-master-collection-double-double-oak-bourbon-700ml,FALSE
woodford-reserve-masters-collection-historic-barrel-entry-kentucky-straight-bourbon-whiskey-700ml,FALSE
woodford-reserve-masters-collection-sonoma-triple-finish-kentucky-straight-bourbon-whiskey-700ml,FALSE
woodford-reserve-masters-collection-sweet-oak-bourbon-700ml,FALSE
woodinville-bourbon-750ml,FALSE
woodinville-port-cask-finish-bourbon-750ml,FALSE
woodinville-whiskey-co-straight-bourbon-pot-distilled-750-ml,FALSE
woody-creek-distillers-colorado-straight-bourbon-whiskey-750-ml,FALSE
wyoming-small-batch-bourbon-750ml,FALSE
wyoming-whiskey-double-cask-bourbon-whiskey-750-ml,FALSE
wyoming-whiskey-small-batch-bourbon-whiskey-750-ml,FALSE
yamazaki-bourbon-barrel-2013-edition-single-malt-japanese-whisky-70cl-48-abv,FALSE
yellow-rose-black-label-outlaw-pot-distilled-bourbon-whiskey-70cl-46-abv,FALSE
yellowstone-hand-picked-single-barrel-bourbon-whiskey-750-ml-102,FALSE
yellowstone-hand-picked-single-barrel-bourbon-whiskey-750-ml-115,FALSE
yellowstone-hand-picked-single-barrel-bourbon-whiskey-750-ml-119,FALSE
yellowstone-select-bourbon-750ml,FALSE
yellowstone-special-finish-toasted-bourbon-750ml,FALSE
zackariah-harris-kentucky-straight-bourbon-whiskey-1-l,FALSE
